qid,docno,label
1,4766284,4
1,28989914,5
1,15141938,3
1,566657891382493833,5
1,4965152,3
1,39252056,2
1,39954574,4
1,34545869,4
1,616868482169498799,3
1,28196106,5
1,696616459846609727,3
1,27422570,3
1,14869260,4
1,10675218,2
1,5298896,4
1,21413190,4
1,24776834,3
1,46678697,4
1,33644836,5
1,43265923,3
1,34373985,3
1,31434819,3
1,788035,4
1,22395320,4
1,46468503,4
1,3818298,5
1,701997689259731217,2
1,701996174585911559,2
1,28561620,4
1,39922785,4
1,40378832,3
1,10097957,2
1,48316258,5
1,14838808,3
1,4343913,3
1,3974464,3
1,39190658,3
1,10630048,5
1,40905066,3
1,28715589,3
1,53594181,4
1,39818487,4
1,46379831,4
1,48622483,5
1,12019843,2
1,16929145,5
1,21638538,4
1,46678638,3
1,51403200,4
1,6423521,3
1,8427028,2
1,48251757,4
1,6619187,4
1,4559096,4
1,12366132,2
1,24630272,3
1,1480002,1
1,33642152,2
1,37997011,1
1,46428730,3
1,47200986,5
1,39139580,4
1,8021914,5
1,7911249,2
1,39921443,3
1,29338399,1
1,39921579,3
1,2793740,1
1,39921325,3
1,53584442,1
1,47754190,3
1,8250925,4
1,144148,3
1,5651944,4
1,39921646,3
1,46985902,4
1,47754090,4
1,24626439,3
1,35167097,2
1,46967629,4
1,7679691,2
1,48622379,3
1,35120868,4
1,28559951,3
1,9183131,2
1,47200804,4
1,4799839,4
1,46829934,4
1,50675052,4
1,700888293266225258,3
1,48257412,3
1,40680003,4
1,46985853,4
1,37634767,2
1,42998746,3
1,39861566,2
1,47753857,3
1,39921961,3
1,39861458,2
1,48257323,2
2,12170991,4
2,9978426,4
2,9978722,4
2,12191116,5
2,53843545,1
2,53604923,2
2,191610,5
2,53605625,3
2,41861321,2
2,46100513,2
2,37122437,1
2,18209795,2
2,37122502,2
2,47544056,4
2,50634288,1
2,11771598,1
2,40756468,1
2,53864893,5
2,37122162,2
2,30507008,4
2,52807419,2
2,13857291,5
2,43069280,1
2,45936,4
2,50265921,2
2,32238040,3
2,36239568,1
2,24312253,3
2,36601571,1
2,29572267,4
2,49871065,2
2,9513152,4
2,9560034,3
2,24312535,2
2,30088310,4
2,18610544,4
2,2508745,3
2,13192379,5
2,658797762075613569,2
2,2396867,4
2,471712,5
2,6313624,3
2,642955741043159937,3
2,50084196,4
2,649339309433224655,4
2,16205219,4
2,41840320,4
2,12192,5
2,43458122,3
2,31760509,4
2,9800247,4
2,343971,3
2,33987509,5
2,49440252,1
2,39950446,3
2,19954367,5
2,48316249,1
2,865355,4
2,53604779,4
2,19459142,3
2,21994561,5
2,526942,2
2,53610428,4
2,53149000,3
2,9184982,3
2,28912358,4
2,23668975,3
2,25488542,2
2,4352537,5
2,52072361,3
2,12145887,3
2,7193201,3
2,562804074465633249,4
2,53149986,3
2,33035945,2
2,40872251,3
2,52614426,3
2,7023583,2
2,64837,5
2,694926508920756401,4
2,8410796,4
2,20358562,5
2,4574224,3
2,638415705402083979,3
2,9692205,3
2,29586511,4
2,6923161,4
2,10850008,3
2,562822290667464872,3
2,13658967,3
2,2521691,3
2,18440017,4
2,658627186598514911,3
2,560053797968941805,3
2,9615485,3
2,580040455505684496,3
2,26395486,2
2,16766700,5
2,10575777,3
2,12797920,2
3,9904386,3
3,4786030,3
3,21355005,3
3,21935245,2
3,24580806,1
3,30324225,3
3,565161489347909632,1
3,10038633,4
3,40680003,3
3,789686,2
3,9790995,4
3,9790355,2
3,26395486,5
3,3241287,3
3,19912695,1
3,1256670,2
3,22167066,3
3,4455094,2
3,34485317,1
3,9800247,3
3,49834444,1
3,16205219,3
3,674132554446836653,1
3,3891031,4
3,615409646743320726,1
3,8301182,2
3,34485694,1
3,53421923,2
3,8504231,3
3,21248835,2
3,7023583,1
3,112304,3
3,9484892,2
3,10038695,2
3,10058944,2
3,21293326,2
3,467866,2
3,321136,2
3,50706265,1
3,9858645,2
3,51838482,1
3,27235864,1
3,22290580,2
3,48622261,1
3,52938389,2
3,16778903,1
3,30514401,1
3,53236613,2
3,47826060,1
3,46544321,1
3,9469827,2
3,663098653530866398,1
3,33035945,2
3,19819750,2
3,14265052,2
3,49922780,1
3,48622314,1
3,35119296,2
3,613098581353641369,1
3,21931508,1
3,1356710,1
3,655812702168202294,1
3,17693,3
3,51883206,2
3,46658757,1
3,7480795,1
3,51455941,2
3,4601325,1
3,40325387,2
3,39671310,2
3,35532705,1
3,38993556,1
3,31083711,1
3,7086310,3
3,12711232,1
3,20171578,3
3,37122437,3
3,8416681,3
3,53950291,1
3,30748041,1
3,6619187,2
3,40756435,1
3,49881408,1
3,13902725,2
3,36593724,2
3,39081063,1
3,14089808,1
3,573812051000501928,1
3,9196297,2
3,47200804,2
3,27722713,5
3,16929145,2
3,47754064,1
3,672336289100833334,2
3,25979705,2
3,7939788,2
3,8250925,2
3,9528920,2
3,19219624,1
3,5505918,1
4,35948933,5
4,12019843,0
4,20947070,2
4,42488076,2
4,53543148,5
4,53047016,5
4,2705052,4
4,53722728,3
4,592171917631654749,0
4,12511986,3
4,2847118,2
4,703741031550412186,0
4,18179401,4
4,22491853,4
4,8301182,3
4,45658557,4
4,615409646743320726,3
4,35413116,5
4,6201730,2
4,21223569,4
4,31291730,4
4,2997377,3
4,2784311,2
4,35192110,0
4,53543572,3
4,25224218,3
4,12554945,3
4,43105617,3
4,52843485,4
4,46420614,0
4,37776645,5
4,16634459,4
4,2508745,3
4,52037777,4
4,2669352,3
4,17480275,3
4,6421335,2
4,50874484,2
4,31521732,3
4,13658967,1
4,13264690,4
4,52041531,3
4,16778903,3
4,19749189,2
4,11718547,4
4,52221335,4
4,342995,3
4,51525711,3
4,665314923670645241,3
4,613811655392005198,3
4,49609544,2
4,20394608,2
4,25488542,3
4,6713005,0
4,39860690,2
4,42627429,4
4,10039238,0
4,604593722490998074,0
4,45057269,4
4,14443766,0
4,12914669,3
4,19275018,4
4,7699542,0
4,22602996,3
4,52207504,4
4,28690074,4
4,7582834,0
4,562263996147987504,4
4,818481,5
4,23702317,4
4,37282283,4
4,36600021,3
4,53842455,4
4,1813829,5
4,12192,4
4,2396867,3
4,12084205,2
4,36238749,3
4,48561991,3
4,7749818,4
4,430427,3
4,46037635,4
4,17524075,2
4,40680003,4
4,28369307,3
4,557906190510458306,4
4,50535731,2
4,22353870,3
4,31001961,4
4,17605729,0
4,30330519,4
4,50750722,3
4,7483910,4
4,11514023,5
4,52631648,3
4,5093352,4
4,7480795,0
4,632479741560432353,3
4,5593725,5
4,27503062,4
5,602753544351230553,3
5,53843545,1
5,600714461239733244,3
5,602833605446123047,3
5,50634288,1
5,602763112123283056,3
5,36239568,1
5,602823682550416384,3
5,37122162,4
5,703477777113329774,1
5,19603487,4
5,43069280,2
5,46727968,3
5,49440252,2
5,43265923,3
5,37122502,1
5,36846836,4
5,191610,3
5,789686,4
5,48316249,0
5,602827356114645635,4
5,33035945,1
5,9528920,5
5,50265921,1
5,23188573,4
5,3461872,4
5,51983686,3
5,4365242,4
5,36601571,1
5,52168779,4
5,26395486,3
5,36453533,4
5,46985853,5
5,41840320,1
5,17529216,4
5,7611764,5
5,4753866,4
5,35545434,1
5,38027192,4
5,29586511,1
5,11866156,4
5,549272367909517478,4
5,3962586,4
5,549888308145744189,4
5,670367116869289910,4
5,46067261,1
5,47744687,4
5,16205219,4
5,47745572,4
5,11910257,3
5,32528831,4
5,43069498,1
5,627470959561322102,4
5,9093219,3
5,9717662,4
5,46985961,1
5,7611169,4
5,39860690,1
5,31237124,4
5,34487247,0
5,7023583,5
5,10088464,1
5,2251009,4
5,53050522,4
5,47544056,1
5,34055336,1
5,40378832,4
5,35901159,1
5,660983764605365495,1
5,3215486,4
5,31521732,4
5,39086622,5
5,3654510,4
5,10086307,3
5,50912102,4
5,35545595,1
5,17944219,4
5,6933326,5
5,46083002,1
5,32923358,1
5,39190658,4
5,49253321,3
5,51712401,1
5,2508745,3
5,52613594,4
5,30718736,3
5,4890335,4
5,5593725,5
5,30531163,1
5,24120812,5
5,50874484,3
5,608626724528869885,4
5,14858777,3
5,9196297,4
5,52932122,1
5,53864973,4
5,1166616,5
5,10167860,5
5,818518,5
5,38226409,5
6,622357830357209703,3
6,24580806,4
6,4365242,1
6,30274568,4
6,618224818091381240,5
6,23965460,4
6,40756300,2
6,46658757,3
6,40756268,2
6,565161489347909632,5
6,582525816928227231,5
6,4601325,5
6,51071045,2
6,50213092,3
6,9804849,3
6,24966197,3
6,622358092706908594,2
6,630435012648497796,5
6,40848653,5
6,9686167,3
6,7677565,2
6,622358080236472960,2
6,50748765,5
6,622357416194221867,2
6,48561991,2
6,40872251,3
6,622357743838727179,3
6,663098653530866398,2
6,11718547,5
6,549272367909517478,3
6,641293528389314770,3
6,7367484,3
6,50706265,1
6,6619187,5
6,635510184152674522,3
6,43458122,2
6,615409646743320726,3
6,4951402,5
6,631372167434218245,5
6,27903031,3
6,5931824,2
6,9550807,4
6,49881408,1
6,14016202,1
6,1696381,5
6,28733777,3
6,549888308145744189,3
6,467866,5
6,31434819,5
6,49381739,5
6,52619623,1
6,49834444,2
6,50084196,5
6,11514023,4
6,191610,5
6,31083711,3
6,11546462,1
6,18613550,3
6,562876738752502593,5
6,600127034703248901,3
6,13658967,4
6,37776645,5
6,39823177,4
6,37282283,3
6,18718195,5
6,16415910,3
6,54117594,2
6,10850008,5
6,50700132,3
6,51838482,1
6,1380326,5
6,584518239140134927,1
6,30324225,2
6,22397992,2
6,13545733,3
6,51217654,1
6,629812014859340680,3
6,5649580,5
6,14548280,1
6,53405902,3
6,846871,5
6,2784311,2
6,16778903,2
6,1716441,5
6,48622261,1
6,46769363,1
6,39558009,3
6,33556100,4
6,18091991,5
6,51079553,2
6,9396442,4
6,636316961258673498,3
6,39022484,1
6,23964830,5
6,673528504700098825,2
6,2106706,1
6,50968880,3
6,16533105,5
6,7611764,3
6,42196666,3
7,43265923,3
7,565161489347909632,1
7,40394743,3
7,654726207711039975,3
7,638415705402083979,1
7,696616459846609727,3
7,578069898900986507,1
7,47803519,3
7,39560327,1
7,53973043,1
7,48316249,3
7,29777340,1
7,10035324,1
7,53584442,1
7,33930406,1
7,602753544351230553,2
7,39921443,2
7,53405902,1
7,39921579,2
7,6778776,1
7,39921325,2
7,6837529,1
7,1826701,1
7,39921646,2
7,39100961,1
7,38993679,2
7,585383727596177658,1
7,600714461239733244,2
7,20881198,1
7,39724050,2
7,526942,1
7,602763112123283056,2
7,36471896,1
7,21935245,1
7,18931595,1
7,28132293,1
7,46966951,3
7,602823682550416384,2
7,38908757,1
7,46727968,1
7,39724266,2
7,35408266,1
7,36600021,4
7,43265776,4
7,602827356114645635,2
7,19893872,2
7,35120746,2
7,43069498,2
7,50634158,4
7,35120633,2
7,35545595,1
7,26035069,4
7,855462,4
7,599992429950840153,1
7,38252605,3
7,24395202,3
7,17972466,1
7,747029,4
7,674452404212273069,1
7,24776834,5
7,37122437,2
7,594978188146529787,1
7,52129565,2
7,37634767,1
7,3512428,2
7,43069280,5
7,46397667,1
7,41425624,1
7,29367388,4
7,35120868,2
7,655812702168202294,1
7,602833605446123047,2
7,41861321,1
7,46544275,2
7,7952963,5
7,567075,1
7,51866988,2
7,27422570,1
7,40394315,4
7,27978240,1
7,24936179,1
7,49565858,2
7,52355957,4
7,1215122,1
7,27583185,1
7,35119296,2
7,16415365,1
7,53649864,2
7,40867515,4
7,33987509,3
7,4679967,1
7,38993556,2
7,6422762,1
7,613811655392005198,2
7,47989650,1
7,4753866,1
7,43069652,4
7,22312190,4
7,51840912,4
7,9615485,1
8,45800298,1
8,3654510,1
8,50634369,1
8,42998746,2
8,697121399884039055,1
8,32805276,3
8,43069652,1
8,24312253,3
8,564278739903548650,4
8,39469608,4
8,8152985,3
8,8286139,4
8,687073063266998776,3
8,18222186,3
8,667347787528220620,3
8,39485602,3
8,695003935229257623,3
8,36471896,3
8,599992807763168166,3
8,526942,1
8,16812429,3
8,23965460,3
8,49394418,1
8,39509872,1
8,52938113,3
8,48331524,3
8,24323953,3
8,50912102,3
8,44568130,3
8,18764827,3
8,31521732,4
8,19032635,4
8,46643048,3
8,640577546507007342,3
8,36727825,5
8,43265923,1
8,53843545,4
8,702111740639439057,3
8,30675435,4
8,36485642,3
8,29367388,4
8,683798428960038005,3
8,16493084,3
8,33226517,3
8,4640515,4
8,13264690,3
8,48625937,4
8,18656413,3
8,9855876,3
8,32777169,5
8,53742866,1
8,26295450,3
8,33533601,5
8,16766700,5
8,262478,3
8,39861182,2
8,47803519,1
8,22312190,4
8,580362352715668644,3
8,17666011,3
8,35948933,1
8,49054315,4
8,47754015,4
8,28369307,4
8,13902725,5
8,45065816,4
8,22703468,3
8,603606802752845271,3
8,4890335,3
8,18895016,4
8,1932491,4
8,22397992,3
8,28559951,3
8,52613594,4
8,51888724,3
8,40986181,5
8,10035950,3
8,53573717,4
8,635501023218881740,3
8,50430599,4
8,39868919,3
8,50265828,5
8,661181596167140366,3
8,37122502,5
8,8016681,3
8,618224818091381240,1
8,40903966,4
8,50852463,5
8,8364733,1
8,51866988,5
8,31054566,1
8,46966951,4
8,33642152,3
8,329414,2
8,52734785,3
8,22714571,4
8,48252078,4
8,657243570850189197,4
8,36773145,3
8,46318416,3
9,689094978344313892,3
9,53843545,4
9,20412160,5
9,8427028,3
9,50634288,4
9,39031849,4
9,48622379,5
9,53793402,2
9,49440252,5
9,17603059,4
9,16331645,3
9,37122162,4
9,4926610,4
9,48257309,5
9,51558459,2
9,53405902,1
9,7843390,3
9,46528945,5
9,2793740,3
9,37122502,4
9,24451742,4
9,701997689259731217,3
9,565161489347909632,1
9,329414,4
9,50265921,3
9,16740942,5
9,701996174585911559,2
9,191610,3
9,2705052,4
9,686458756050477711,3
9,43069280,4
9,49441423,4
9,46624549,5
9,28132190,2
9,37122437,5
9,15661467,4
9,46879322,4
9,9364750,3
9,36239568,4
9,52684550,4
9,47754190,5
9,571725114860159505,3
9,655812702168202294,1
9,16580,4
9,647870055226791780,3
9,15874733,2
9,41840320,1
9,35610591,4
9,48251602,5
9,54390128,3
9,33930406,4
9,24429673,4
9,46985902,5
9,10233048,3
9,39860690,3
9,16912472,4
9,46749739,5
9,13643488,1
9,47544056,3
9,1185357,4
9,25263845,4
9,23605182,1
9,48316249,3
9,593292,4
9,47753822,5
9,20373836,3
9,46985961,5
9,2847118,4
9,642693769449691921,3
9,52072361,2
9,526942,3
9,11493255,4
9,20651206,1
9,638415705402083979,1
9,28196106,5
9,40491893,1
9,570496731191437257,3
9,26395486,3
9,4343913,3
9,17543905,2
9,1826701,1
9,48316258,4
9,705747716458965390,3
9,40105828,3
9,578069898900986507,3
9,20256027,4
9,46624461,5
9,37141162,3
9,46966951,5
9,361820,4
9,23005685,4
9,4753866,3
9,16450351,3
9,27978240,1
9,16418513,4
9,47754064,5
9,37140989,3
9,33987509,1
9,9824042,4
9,42998746,3
10,34373985,5
10,25619849,5
10,37122437,4
10,26232008,2
10,35545595,4
10,622357743838727179,4
10,585383727596177658,4
10,20412719,4
10,20120739,2
10,46544275,4
10,21755954,2
10,678793875305785454,2
10,53843545,4
10,22714571,1
10,43265776,4
10,37282283,4
10,51866988,4
10,9935509,2
10,599992429950840153,4
10,48562731,4
10,37122162,4
10,53543791,4
10,50265921,4
10,28391711,2
10,38375070,2
10,8873479,4
10,43069498,2
10,27527118,4
10,46966951,2
10,30325586,2
10,24575257,4
10,50634369,2
10,48252078,4
10,46829853,4
10,49440252,4
10,13477342,4
10,32805276,4
10,52514819,4
10,17137626,5
10,8416681,4
10,20304291,4
10,19032635,4
10,46528945,4
10,46528083,4
10,16172498,4
10,49565858,2
10,2847633,4
10,46985853,4
10,22406251,4
10,34545869,1
10,48131270,2
10,648797562822472864,1
10,35545434,4
10,46566199,2
10,17456705,4
10,648591321740101421,2
10,16601748,4
10,34487491,4
10,19603487,1
10,15360787,4
10,33035945,4
10,50614149,4
10,21931508,4
10,21148021,4
10,21638538,4
10,16415910,2
10,27029402,2
10,565161489347909632,1
10,1645772,4
10,6800277,4
10,4310501,4
10,9627513,2
10,49381739,4
10,39951152,4
10,7023583,1
10,578069898900986507,2
10,39139580,4
10,9528920,4
10,17728208,4
10,25224218,4
10,7483910,4
10,46657645,2
10,21630186,2
10,47919751,4
10,46967629,2
10,46420861,2
10,13116397,2
10,46379970,4
10,5040653,4
10,818518,3
10,53260850,4
10,33930406,2
10,12345786,4
10,13511798,2
10,25838887,4
10,25979705,4
10,11008081,2
10,30913799,4
10,21428791,4
10,30514401,4
11,46486417,4
11,47924038,4
11,43267372,4
11,40378832,4
11,43315319,4
11,39190658,3
11,688345250991782485,3
11,36600021,3
11,40678317,0
11,43268899,4
11,30198546,3
11,52168779,4
11,51999513,1
11,17263550,3
11,52129460,2
11,46624549,2
11,36601571,2
11,39861059,1
11,52129565,2
11,34485289,3
11,35511098,4
11,35510977,4
11,684146497471581916,2
11,51883206,3
11,52128438,3
11,46678697,4
11,24776834,3
11,574171031440944049,2
11,51921047,3
11,24306539,3
11,38166568,2
11,36601199,3
11,16954330,3
11,5298896,5
11,30702161,3
11,39921646,1
11,48257812,2
11,43069280,4
11,9528920,3
11,4181102,3
11,48257309,2
11,39031849,3
11,610916884665999313,2
11,48251477,2
11,6619187,3
11,48316258,2
11,27409329,3
11,49566121,3
11,39921443,2
11,39485602,3
11,47754133,2
11,39921579,1
11,27295492,2
11,690742691799750350,0
11,51712401,2
11,649464742761309572,2
11,673784924326195986,2
11,39921325,1
11,47754190,2
11,52128565,3
11,665824099468566235,2
11,5663222,3
11,14968436,2
11,4455094,3
11,46566088,2
11,34485696,1
11,47200804,2
11,21293326,3
11,52129608,3
11,26488707,2
11,28936557,1
11,46829853,2
11,29280869,2
11,36237732,2
11,639667499986245473,0
11,646982884326196199,3
11,1281023,3
11,52129682,3
11,8213227,3
11,39724050,1
11,20358562,3
11,46559649,2
11,3461872,4
11,45989490,1
11,35510758,4
11,52128826,3
11,250536,3
11,46678638,2
11,651328310081108222,1
11,50265933,2
11,605713131416593667,2
11,29124476,3
11,28196106,3
11,17117631,3
11,653548862475355240,1
11,22167066,2
11,7858468,3
11,35120633,1
11,54243805,0
11,30700892,3
12,49054315,1
12,52795193,1
12,53543391,1
12,53853009,1
12,52734785,2
12,52836984,1
12,8720923,2
12,10676959,1
12,9794364,1
12,49958899,1
12,16929145,1
12,14024257,2
12,21962864,1
12,53639960,1
12,36533065,1
12,50634288,4
12,29367388,1
12,13136376,3
12,23598012,1
12,53543572,1
12,32986796,1
12,46769363,1
12,50823352,1
12,43105617,1
12,18440017,3
12,767286,1
12,53968656,1
12,19555750,2
12,629812014859340680,3
12,54247733,4
12,48058269,0
12,53543148,1
12,19717632,1
12,60673,1
12,31760509,3
12,4501164,3
12,13173176,3
12,22312190,4
12,53364770,1
12,43792735,1
12,23702317,1
12,53308410,3
12,4041383,3
12,22081938,1
12,2106706,3
12,41399557,3
12,49486977,3
12,1813829,1
12,50822005,1
12,46037635,1
12,550750375415486178,3
12,49095065,4
12,37122502,3
12,8398566,1
12,7611764,1
12,6262339,1
12,53950291,1
12,50478502,1
12,24736896,3
12,1696381,3
12,40536398,4
12,10675218,0
12,46749739,3
12,51525711,4
12,9967360,4
12,655144931255799849,3
12,46083002,1
12,16812429,1
12,17263550,1
12,52429327,1
12,29341918,3
12,584518239140134927,1
12,52613594,4
12,562886438750870899,4
12,42312278,1
12,10088464,1
12,35545434,5
12,1901154,1
12,50536106,1
12,19263985,1
12,689200500518970386,0
12,579736738715900510,1
12,24757848,3
12,52549974,1
12,7582834,0
12,789476,1
12,32595900,1
12,26916664,3
12,53595765,1
12,50270699,3
12,560053797968941805,3
12,49008611,1
12,32722262,1
12,50634330,4
12,794496,3
12,7973933,0
12,12511986,3
12,35372621,0
12,4181102,1
12,46486417,3
13,40680003,5
13,24323953,4
13,608626724528869885,4
13,39485602,4
13,5298896,4
13,191610,5
13,18366609,5
13,24331953,5
13,24120812,4
13,54105303,4
13,26788437,3
13,28711792,4
13,16954330,5
13,36601571,3
13,46960664,3
13,576650068700400424,3
13,262478,4
13,50265933,3
13,7023583,3
13,39031849,3
13,24427558,3
13,14089808,4
13,16812429,3
13,7858468,5
13,6688780,3
13,19219624,4
13,33855937,3
13,51910544,2
13,13716080,3
13,7367165,3
13,48251757,3
13,17263550,3
13,46582283,4
13,633754014339342273,4
13,38993679,3
13,36585716,4
13,19893872,3
13,41840320,4
13,7396662,4
13,633235349252188576,4
13,17330186,3
13,45204055,4
13,38993556,3
13,50634191,2
13,39671310,4
13,4500794,3
13,46420861,3
13,15411988,4
13,653744673496571767,2
13,29124476,3
13,4668244,3
13,7411044,4
13,20055944,4
13,50913633,3
13,8410347,4
13,53742866,3
13,630435012648497796,1
13,40059707,1
13,36239568,5
13,3512428,3
13,40378832,3
13,10097957,1
13,50992992,3
13,53587023,2
13,5406041,3
13,37140882,3
13,28932466,3
13,7843390,4
13,45673803,3
13,13857291,3
13,13213869,2
13,46428730,3
13,34485289,4
13,17117631,3
13,2793740,3
13,28221653,3
13,643948,4
13,7328712,1
13,32309292,3
13,467866,1
13,46829934,3
13,5093352,3
13,10125213,3
13,47200502,3
13,4766284,2
13,18274232,3
13,48622379,3
13,4455094,3
13,49152970,1
13,48257412,3
13,48257309,3
13,34368310,4
13,46562291,3
13,12561615,3
13,48257323,3
13,48625432,3
13,47200931,3
13,14838808,3
13,1356710,4
13,26395486,3
14,36183003,4
14,36526767,0
14,40283370,3
14,562081942070291418,2
14,38045112,4
14,4907206,1
14,52408668,5
14,32309292,5
14,635510184152674522,4
14,35906886,4
14,35413116,4
14,41437570,4
14,17480275,4
14,51300917,4
14,2430828,4
14,45799770,5
14,4601325,2
14,194154,5
14,30792215,4
14,3018422,5
14,24776834,4
14,11514023,4
14,16766855,5
14,846871,4
14,13426615,4
14,32722262,4
14,7359313,4
14,5999786,4
14,30695780,4
14,12914669,5
14,33141938,2
14,33745549,4
14,643948,5
14,42998746,2
14,40307183,0
14,1932110,4
14,28932466,2
14,52558699,4
14,5672704,2
14,17147561,2
14,39860690,4
14,7637101,0
14,48942774,4
14,45936,4
14,683798428960038005,2
14,43611951,0
14,35189843,4
14,636316961258673498,4
14,600127034703248901,0
14,53405902,2
14,3678990,4
14,668048211103497353,4
14,9511685,0
14,54305154,4
14,13857291,4
14,22397992,2
14,17989537,0
14,18152,4
14,17988221,0
14,26000019,4
14,7508560,5
14,46037635,4
14,47483640,0
14,31193461,2
14,24451742,4
14,9804849,4
14,39100961,0
14,36273046,4
14,4573897,5
14,18170615,4
14,39861566,0
14,49095065,4
14,39861458,0
14,38282162,4
14,43300250,4
14,43043180,0
14,19912695,2
14,819893,4
14,9184982,2
14,45995828,0
14,2683387,4
14,2493039,4
14,550741674554463731,4
14,17981447,4
14,53981147,0
14,14555269,5
14,698094,4
14,686458756050477711,2
14,10104123,4
14,2626457,4
14,51558779,4
14,12190880,4
14,3512428,4
14,9992479,4
14,13972708,5
14,558883638280051215,2
14,46070050,4
14,619695251880260383,0
14,30514401,4
14,46379970,5
15,35268357,3
15,48316249,0
15,52061594,5
15,18810731,4
15,585383727596177658,2
15,580040455505684496,2
15,52041531,4
15,17524075,3
15,37122437,2
15,45079976,3
15,54305154,4
15,52032288,4
15,51866988,2
15,47989650,0
15,668333813645993242,0
15,21428791,1
15,52077439,4
15,53843545,2
15,30399177,2
15,52039176,4
15,50265921,4
15,46356156,2
15,45065816,4
15,26344667,3
15,43292527,3
15,43265776,2
15,43069498,3
15,35545595,3
15,53543391,3
15,52055248,4
15,17666011,3
15,191610,4
15,52041617,5
15,37122502,2
15,26395486,2
15,599992429950840153,2
15,9588699,0
15,50634369,0
15,39509872,0
15,38375070,2
15,22249805,3
15,31083711,0
15,15149762,0
15,39342683,4
15,46544275,2
15,687769558578271951,0
15,12420694,0
15,561447564053724552,2
15,641293528389314770,0
15,10233048,0
15,49871065,0
15,20076056,2
15,41929962,2
15,40378832,2
15,34487491,0
15,9435503,4
15,8869029,0
15,6778776,0
15,52037777,4
15,49440252,2
15,17157615,2
15,43105617,4
15,50634288,2
15,38618143,0
15,16954330,2
15,9766922,0
15,8034665,4
15,50535109,0
15,45799770,4
15,6933326,2
15,3512428,2
15,50536106,0
15,818481,4
15,46966951,2
15,8381173,2
15,22081938,2
15,1935826,2
15,2230762,2
15,5430560,3
15,31292343,0
15,47162719,4
15,1826701,0
15,38375218,2
15,29984607,3
15,49566121,2
15,50044339,3
15,28991221,2
15,45066000,4
15,605954987513291733,3
15,24748187,0
15,8416681,4
15,656670206888476126,0
15,48131270,4
15,9686167,2
15,35511098,0
15,18059656,2
15,35510977,0
15,11871903,0
15,1255828,2
15,42108730,0
16,31330562,4
16,31176669,4
16,28340606,5
16,708678513149940380,3
16,31388263,3
16,30187850,3
16,8636811,3
16,16534588,3
16,6741094,3
16,12005318,3
16,49777076,3
16,7367165,3
16,10097957,3
16,865355,4
16,49609544,3
16,7500228,4
16,20480133,3
16,38598735,5
16,2106706,3
16,660983764605365495,2
16,53950291,4
16,862890,3
16,819228,4
16,35521170,4
16,6435782,3
16,37319489,3
16,40233539,2
16,39921961,2
16,19717632,3
16,50535731,4
16,53542932,2
16,26916664,4
16,49690260,2
16,1826701,3
16,50675052,3
16,39572,4
16,50831016,3
16,25895132,3
16,40182687,3
16,655788123278001986,2
16,24331953,3
16,629589304707139908,1
16,6923161,3
16,665314923670645241,3
16,32595900,2
16,707361191133143006,2
16,38252605,3
16,683821,3
16,8410347,3
16,707402137921421457,2
16,40536398,3
16,16778903,2
16,658671945705674635,2
16,4601325,3
16,658677852635965558,2
16,343971,4
16,42998746,2
16,47356150,2
16,658675347754865598,2
16,694159439256786269,2
16,28132020,2
16,32711577,2
16,4890335,3
16,31124462,3
16,26035069,3
16,15494796,2
16,46345301,2
16,27029402,2
16,658637491428335598,2
16,23702317,4
16,49439389,3
16,21962864,3
16,34487373,2
16,658627186598514911,2
16,43613814,3
16,46749739,2
16,659312809290309591,2
16,12019843,2
16,8467862,3
16,676090431772477652,2
16,4833294,1
16,9042254,2
16,46194687,1
16,649907953015247281,2
16,7387919,2
16,649904945697397610,2
16,43613806,3
16,20616929,2
16,26395486,3
16,649903423252035918,2
16,52635670,2
16,40105828,3
16,19051760,2
16,18091991,3
16,689153802843121788,3
16,16418513,4
16,658653076096158164,2
16,670290353475271101,2
16,16954330,3
16,18274232,3
17,52221919,3
17,642955741043159937,3
17,24580806,1
17,40450547,3
17,41437570,5
17,48622261,1
17,42816863,3
17,52219943,3
17,573812051000501928,0
17,557906190510458306,3
17,663098653530866398,0
17,665314923670645241,3
17,47281460,3
17,50968880,3
17,16812429,5
17,630435012648497796,0
17,20373836,0
17,37140882,3
17,11162475,0
17,558463673441880163,4
17,50213092,0
17,33987509,4
17,46658757,0
17,557877458481926168,3
17,49881408,0
17,48252078,4
17,558438935809537733,3
17,9978722,0
17,20895982,3
17,9978426,0
17,17263550,4
17,565161489347909632,0
17,572267163770202889,3
17,34485317,0
17,35119296,3
17,655812702168202294,0
17,15874733,0
17,39840444,3
17,50214689,0
17,7387919,0
17,17456705,3
17,39860690,3
17,22084321,0
17,53869471,0
17,16778903,3
17,9049505,0
17,49792993,0
17,53950291,0
17,39320317,3
17,7419230,0
17,17117631,3
17,9585027,0
17,51241506,3
17,21935245,0
17,674132554446836653,0
17,15238740,4
17,667964908017833713,0
17,39139580,4
17,30718736,0
17,9802654,0
17,51838482,0
17,18971993,0
17,5931824,0
17,18961,0
17,191610,4
17,41494959,0
17,39921961,0
17,9821370,3
17,7575626,1
17,658797762075613569,0
17,8479799,5
17,18892465,0
17,20257840,3
17,3864528,0
17,8381173,0
17,50634288,3
17,22139932,0
17,655344158993649044,0
17,39262054,0
17,619695251880260383,0
17,29338399,0
17,641293528389314770,0
17,8943358,5
17,16396640,3
17,684136803541248356,0
17,49834444,0
17,593292,3
17,43611951,0
17,53405902,0
17,36773145,3
17,12852935,0
17,21098387,0
17,28989914,0
17,4786030,0
17,18665362,3
17,19176222,0
17,7524934,0
17,21931508,0
17,2728293,0
17,28161643,0
18,48562525,3
18,51241506,4
18,48561991,2
18,49124837,2
18,2563611,5
18,47813511,2
18,60673,2
18,2700296,4
18,40928652,3
18,575234924494611732,4
18,52534513,4
18,52565674,4
18,52565795,4
18,52534523,4
18,52534533,4
18,52549681,4
18,52534373,4
18,6923161,2
18,9904386,5
18,258740,2
18,39190658,5
18,562081942070291418,2
18,10086307,4
18,16580,2
18,4573897,5
18,18665362,2
18,608626724528869885,4
18,39922785,1
18,47825972,2
18,10043483,2
18,47826745,2
18,47826512,2
18,8021914,4
18,9183131,3
18,47919145,2
18,47918366,2
18,40378832,5
18,48562731,2
18,38285818,4
18,17157615,5
18,621053466259603002,3
18,28711792,4
18,9394266,2
18,191610,5
18,39840444,4
18,19219624,2
18,653712396686659906,2
18,18270838,4
18,23804690,2
18,702940874257693408,2
18,48562666,2
18,39560327,1
18,47810437,2
18,3018422,2
18,41425624,3
18,4051643,2
18,49124456,2
18,16585605,4
18,47812937,2
18,30187850,1
18,47594597,2
18,35120746,1
18,49124587,2
18,23859834,2
18,36240195,5
18,9042254,2
18,36591820,2
18,42374905,2
18,24137869,5
18,49566140,1
18,20304291,2
18,51712401,1
18,36239748,4
18,35120633,1
18,53879568,1
18,1215122,1
18,7411044,5
18,49566023,1
18,52203556,2
18,48562198,2
18,680368218854728990,1
18,663185874925783688,1
18,562886438750870899,1
18,43105617,2
18,43458122,2
18,49124633,2
18,562876738752502593,1
18,36239812,3
18,627470959561322102,2
18,18544441,1
18,25229392,4
18,49124689,2
18,30718736,2
18,48680807,2
18,49566121,3
18,8152916,4
18,40394743,2
18,49124976,2
18,36239387,3
18,49124533,2
19,23965460,3
19,17649177,2
19,39081063,0
19,40728239,4
19,17713865,5
19,1380326,5
19,1356710,5
19,21794,4
19,570399460056791863,4
19,27227269,2
19,33745549,3
19,767286,4
19,44596584,5
19,14168413,2
19,655812702168202294,2
19,7535450,3
19,46658757,2
19,3247291,2
19,21584047,5
19,648450607154238169,4
19,648450421519395691,4
19,648456236424455335,4
19,21248835,1
19,34181803,5
19,1583653,3
19,47544056,2
19,30274568,3
19,18627135,3
19,9201458,3
19,53421923,2
19,16546903,5
19,27029402,2
19,28991221,2
19,38390957,2
19,43315319,2
19,605060073702279502,3
19,660983764605365495,2
19,9039236,3
19,13902088,2
19,53595765,3
19,51883206,2
19,6799895,2
19,46643048,2
19,35967471,0
19,12561615,3
19,46642839,2
19,22139932,2
19,470498,3
19,46922095,2
19,46657684,2
19,39485602,1
19,15141938,2
19,47281460,2
19,33267781,2
19,862890,4
19,701424040017708619,2
19,648450547709458589,4
19,664315034159342817,4
19,630435012648497796,3
19,648450399648741904,4
19,43267372,2
19,34142194,2
19,21640455,2
19,19219624,1
19,13760233,1
19,19275018,2
19,3394517,5
19,24575257,2
19,21952133,0
19,8411390,2
19,16705588,0
19,4695408,4
19,47924038,2
19,50265828,5
19,15790640,5
19,4329728,2
19,44536602,2
19,16601518,2
19,686302065098279368,2
19,10097957,2
19,22505480,3
19,5663222,2
19,20394608,1
19,670290353475271101,4
19,5946137,2
19,50214689,1
19,7222354,2
19,20624427,1
19,24966197,2
19,6923161,2
19,36322141,2
19,605954987513291733,2
19,42686114,2
19,51910059,2
19,6168663,2
19,26295450,2
19,6342741,2
19,26489955,1
19,9511685,0
19,20527413,2
20,8636811,3
20,16962471,4
20,33556100,3
20,630435012648497796,4
20,17810201,3
20,18366609,3
20,663748681839344930,3
20,7612456,2
20,561114265573680580,4
20,6449718,4
20,31809534,4
20,22491853,4
20,45936,2
20,9166769,3
20,50748765,3
20,30514401,3
20,18718195,3
20,24429673,3
20,1901154,3
20,6279160,3
20,2430828,3
20,5649580,3
20,50535731,3
20,19568889,3
20,5651944,4
20,21931508,3
20,21223569,2
20,1716441,2
20,3247291,2
20,9435503,3
20,15141938,3
20,3654510,3
20,6989436,3
20,13248583,3
20,9698992,3
20,27569888,4
20,594782494398949034,4
20,38618143,2
20,4753866,2
20,30252034,2
20,789476,3
20,52613594,4
20,18091187,3
20,37630778,4
20,24312253,3
20,22081938,2
20,30694768,2
20,23965460,3
20,191610,2
20,25288200,3
20,10134285,4
20,615409646743320726,3
20,16533105,2
20,26000019,3
20,1583653,3
20,618224818091381240,2
20,36773145,4
20,16740942,4
20,37718522,3
20,10850008,4
20,10019312,2
20,49445167,4
20,8611817,2
20,48331524,2
20,9804849,2
20,35545595,4
20,11514023,2
20,4890335,4
20,5593725,4
20,50614149,4
20,32922087,4
20,505895632087041671,4
20,8152985,4
20,10086307,2
20,39823177,2
20,613811655392005198,4
20,467866,4
20,52702449,2
20,25838923,4
20,30324225,4
20,3512428,4
20,865355,3
20,30274568,2
20,18091991,4
20,1935826,4
20,42726674,4
20,643948,4
20,52843485,2
20,20480133,3
20,818481,3
20,31099129,3
20,651564440114113277,2
20,30169470,2
20,632589096014329534,3
20,7367484,2
20,40394315,4
20,53573717,4
20,9396442,2
20,12166912,4
20,19319184,4